{
    "position": {
        "x": -365.6499938964844,
        "y": 355.8960876464844,
        "z": -1331.0
    },
    "npcName": "ddd",
    "npcState": "",
    "npcPrefab": {
        "instanceID": 13702
    }
}