{
    "position": {
        "x": -363.6499938964844,
        "y": 355.8960876464844,
        "z": -1331.0
    },
    "npcName": "gggggggggg",
    "npcState": "",
    "npcPrefab": {
        "instanceID": 13642
    }
}